Model,Accuracy,F1 Score
LogisticRegression,0.7875,0.6320346320346321
DecisionTree,0.9875,0.980544747081712
RandomForest,0.995,0.9921259842519685
SVM,0.845,0.7327586206896551
